<?xml version="1.0" encoding="UTF-8"?>
<metadata xml:lang="pl"><Esri><CreaDate>20240604</CreaDate><CreaTime>13311100</CreaTime><ArcGISFormat>1.0</ArcGISFormat><SyncOnce>FALSE</SyncOnce><DataProperties><lineage><Process ToolSource="c:\program files (x86)\arcgis\desktop10.8\ArcToolbox\Toolboxes\Data Management Tools.tbx\CalculateField" Date="20220810" Time="131538">CalculateField nadl a_year 2022 VB #</Process><Process ToolSource="c:\program files (x86)\arcgis\desktop10.8\ArcToolbox\Toolboxes\Data Management Tools.tbx\CalculateField" Date="20220810" Time="131621">CalculateField nadl reg_cd left( [adress_for],2) VB #</Process><Process ToolSource="c:\program files (x86)\arcgis\desktop10.8\ArcToolbox\Toolboxes\Data Management Tools.tbx\CalculateField" Date="20220810" Time="131659">CalculateField nadl ins_cd mid( [adress_for],3,2) VB #</Process><Process ToolSource="c:\program files (x86)\arcgis\desktop10.8\ArcToolbox\Toolboxes\Data Management Tools.tbx\CalculateField" Date="20220810" Time="131706">CalculateField nadl ins_cd mid( [adress_for],4,2) VB #</Process><Process ToolSource="c:\program files (x86)\arcgis\desktop10.8\ArcToolbox\Toolboxes\Data Management Tools.tbx\CalculateField" Date="20220810" Time="131940">CalculateField nadl ins_name [inspecto_2] VB #</Process><Process ToolSource="c:\program files (x86)\arcgis\desktop10.8\ArcToolbox\Toolboxes\Data Management Tools.tbx\CalculateField" Date="20220810" Time="132117">CalculateField nadl aaa "left ( [adress_for],5)" VB #</Process><Process ToolSource="c:\program files (x86)\arcgis\desktop10.7\ArcToolbox\Toolboxes\Data Management Tools.tbx\CalculateField" Date="20230615" Time="080245">CalculateField g_inspectorate a_year 2023 VB #</Process><Process ToolSource="c:\program files (x86)\arcgis\desktop10.7\ArcToolbox\Toolboxes\Data Management Tools.tbx\Merge" Date="20230711" Time="091705">Merge g_inspectorate;2_nadl E:\Lukasz\Paczki_danych_2023\Nasl_2023_paczka\BDL_ZASIEGI_NADLESNICTW_2023\BDL_ZASIEGI_NADLESNICTW_2023\g_inspectorate5.shp "a_year "a_year" true true false 10 Long 0 10 ,First,#,g_inspectorate,a_year,-1,-1,2_nadl,a_year,-1,-1;reg_cd "reg_cd" true true false 2 Text 0 0 ,First,#,g_inspectorate,reg_cd,-1,-1;ins_cd "ins_cd" true true false 2 Text 0 0 ,First,#,g_inspectorate,ins_cd,-1,-1;reg_name "reg_name" true true false 30 Text 0 0 ,First,#,g_inspectorate,reg_name,-1,-1;ins_name "ins_name" true true false 30 Text 0 0 ,First,#,g_inspectorate,ins_name,-1,-1;inspectora "inspectora" true true false 10 Long 0 10 ,First,#,2_nadl,inspectora,-1,-1;arodes_int "arodes_int" true true false 10 Long 0 10 ,First,#,2_nadl,arodes_int,-1,-1;cp_inspect "cp_inspect" true true false 20 Text 0 0 ,First,#,2_nadl,cp_inspect,-1,-1;st_area_in "st_area_in" true true false 19 Double 0 0 ,First,#,2_nadl,st_area_in,-1,-1;st_length_ "st_length_" true true false 19 Double 0 0 ,First,#,2_nadl,st_length_,-1,-1"</Process><Process ToolSource="c:\program files (x86)\arcgis\desktop10.8\ArcToolbox\Toolboxes\Data Management Tools.tbx\Merge" Date="20240604" Time="132326">Merge a;g_inspectorate D:\2024\_Smiec\nadl\3\b.shp "a_year "a_year" true true false 10 Long 0 10 ,First,#,a,a_year,-1,-1,g_inspectorate,a_year,-1,-1;reg_cd "reg_cd" true true false 2 Text 0 0 ,First,#,a,reg_cd,-1,-1;ins_cd "ins_cd" true true false 2 Text 0 0 ,First,#,a,ins_cd,-1,-1;reg_name "reg_name" true true false 30 Text 0 0 ,First,#,a,reg_name,-1,-1;ins_name "ins_name" true true false 30 Text 0 0 ,First,#,a,ins_name,-1,-1;inspectora "inspectora" true true false 10 Long 0 10 ,First,#,a,inspectora,-1,-1,g_inspectorate,inspectora,-1,-1;arodes_int "arodes_int" true true false 10 Long 0 10 ,First,#,a,arodes_int,-1,-1,g_inspectorate,arodes_int,-1,-1;cp_inspect "cp_inspect" true true false 20 Text 0 0 ,First,#,a,cp_inspect,-1,-1,g_inspectorate,cp_inspect,-1,-1;st_area_in "st_area_in" true true false 19 Double 0 0 ,First,#,a,st_area_in,-1,-1,g_inspectorate,st_area_in,-1,-1;st_length_ "st_length_" true true false 19 Double 0 0 ,First,#,a,st_length_,-1,-1,g_inspectorate,st_length_,-1,-1;gen_level_ "gen_level_" true true false 10 Long 0 10 ,First,#,g_inspectorate,gen_level_,-1,-1;inspecto_1 "inspecto_1" true true false 30 Text 0 0 ,First,#,g_inspectorate,inspecto_1,-1,-1;adress_for "adress_for" true true false 25 Text 0 0 ,First,#,g_inspectorate,adress_for,-1,-1;region_cd "region_cd" true true false 2 Text 0 0 ,First,#,g_inspectorate,region_cd,-1,-1;inspecto_2 "inspecto_2" true true false 2 Text 0 0 ,First,#,g_inspectorate,inspecto_2,-1,-1"</Process><Process ToolSource="c:\program files (x86)\arcgis\desktop10.8\ArcToolbox\Toolboxes\Data Management Tools.tbx\CalculateField" Date="20240604" Time="132444">CalculateField b reg_cd [region_cd] VB #</Process><Process ToolSource="c:\program files (x86)\arcgis\desktop10.8\ArcToolbox\Toolboxes\Data Management Tools.tbx\CalculateField" Date="20240604" Time="132456">CalculateField b ins_cd [inspecto_2] VB #</Process><Process ToolSource="c:\program files (x86)\arcgis\desktop10.8\ArcToolbox\Toolboxes\Data Management Tools.tbx\CalculateField" Date="20240604" Time="132516">CalculateField b ins_name [inspecto_1] VB #</Process><Process ToolSource="c:\program files (x86)\arcgis\desktop10.8\ArcToolbox\Toolboxes\Data Management Tools.tbx\CalculateField" Date="20240604" Time="132526">CalculateField b inspectora 0 VB #</Process><Process ToolSource="c:\program files (x86)\arcgis\desktop10.8\ArcToolbox\Toolboxes\Data Management Tools.tbx\CalculateField" Date="20240604" Time="132533">CalculateField b arodes_int 0 VB #</Process><Process ToolSource="c:\program files (x86)\arcgis\desktop10.8\ArcToolbox\Toolboxes\Data Management Tools.tbx\CalculateField" Date="20240604" Time="133053">CalculateField b ins_name UCase( [ins_name]  ) VB #</Process><Process ToolSource="c:\program files (x86)\arcgis\desktop10.8\ArcToolbox\Toolboxes\Data Management Tools.tbx\CalculateField" Date="20240627" Time="075445">CalculateField g_inspectorate ins_cd "09" VB #</Process><Process ToolSource="c:\program files (x86)\arcgis\desktop10.8\ArcToolbox\Toolboxes\Data Management Tools.tbx\CalculateField" Date="20240627" Time="075459">CalculateField g_inspectorate ins_name "GŁUSKO" VB #</Process></lineage><itemProps><itemName Sync="TRUE">b</itemName><imsContentType Sync="TRUE">002</imsContentType><itemSize Sync="TRUE">0.000</itemSize><itemLocation><linkage Sync="TRUE">file://\\ZARZ-0372-L19\D$\2024\_Smiec\nadl\3\b.shp</linkage><protocol Sync="TRUE">Local Area Network</protocol></itemLocation></itemProps><coordRef><type Sync="TRUE">Projected</type><geogcsn Sync="TRUE">GCS_ETRF_1989</geogcsn><csUnits Sync="TRUE">Linear Unit: Meter (1.000000)</csUnits><projcsn Sync="TRUE">PUWG_92</projcsn><peXml Sync="TRUE">&lt;ProjectedCoordinateSystem xsi:type='typens:ProjectedCoordinateSystem' xmlns:xsi='http://www.w3.org/2001/XMLSchema-instance' xmlns:xs='http://www.w3.org/2001/XMLSchema' xmlns:typens='http://www.esri.com/schemas/ArcGIS/10.8'&gt;&lt;WKT&gt;PROJCS[&amp;quot;PUWG_92&amp;quot;,GEOGCS[&amp;quot;GCS_ETRF_1989&amp;quot;,DATUM[&amp;quot;D_ETRF_1989&amp;quot;,SPHEROID[&amp;quot;WGS_1984&amp;quot;,6378137.0,298.257223563]],PRIMEM[&amp;quot;Greenwich&amp;quot;,0.0],UNIT[&amp;quot;Degree&amp;quot;,0.0174532925199433]],PROJECTION[&amp;quot;Gauss_Kruger&amp;quot;],PARAMETER[&amp;quot;False_Easting&amp;quot;,500000.0],PARAMETER[&amp;quot;False_Northing&amp;quot;,-5300000.0],PARAMETER[&amp;quot;Central_Meridian&amp;quot;,19.0],PARAMETER[&amp;quot;Scale_Factor&amp;quot;,0.9993],PARAMETER[&amp;quot;Latitude_Of_Origin&amp;quot;,0.0],UNIT[&amp;quot;Meter&amp;quot;,1.0]]&lt;/WKT&gt;&lt;XOrigin&gt;-5119200&lt;/XOrigin&gt;&lt;YOrigin&gt;-15295100&lt;/YOrigin&gt;&lt;XYScale&gt;450580747.30322808&lt;/XYScale&gt;&lt;ZOrigin&gt;-100000&lt;/ZOrigin&gt;&lt;ZScale&gt;10000&lt;/ZScale&gt;&lt;MOrigin&gt;-100000&lt;/MOrigin&gt;&lt;MScale&gt;10000&lt;/MScale&gt;&lt;XYTolerance&gt;0.001&lt;/XYTolerance&gt;&lt;ZTolerance&gt;0.001&lt;/ZTolerance&gt;&lt;MTolerance&gt;0.001&lt;/MTolerance&gt;&lt;HighPrecision&gt;true&lt;/HighPrecision&gt;&lt;/ProjectedCoordinateSystem&gt;</peXml></coordRef></DataProperties><SyncDate>20240604</SyncDate><SyncTime>13232200</SyncTime><ModDate>20240604</ModDate><ModTime>13232200</ModTime><ArcGISstyle>INSPIRE Metadata Directive</ArcGISstyle></Esri><dataIdInfo><envirDesc Sync="TRUE"> Version 6.2 (Build 9200) ; Esri ArcGIS 10.8.0.12790</envirDesc><dataLang><languageCode value="pol" Sync="TRUE"></languageCode><countryCode value="POL" Sync="TRUE"></countryCode></dataLang><idCitation><resTitle Sync="TRUE">b</resTitle><presForm><PresFormCd value="005" Sync="TRUE"></PresFormCd></presForm></idCitation><spatRpType><SpatRepTypCd value="001" Sync="TRUE"></SpatRepTypCd></spatRpType></dataIdInfo><mdLang><languageCode value="pol" Sync="TRUE"></languageCode><countryCode value="POL" Sync="TRUE"></countryCode></mdLang><mdChar><CharSetCd value="004" Sync="TRUE"></CharSetCd></mdChar><distInfo><distFormat><formatName Sync="TRUE">Shapefile</formatName></distFormat><distTranOps><transSize Sync="TRUE">0.000</transSize></distTranOps></distInfo><mdHrLv><ScopeCd value="005" Sync="TRUE"></ScopeCd></mdHrLv><mdHrLvName Sync="TRUE">dataset</mdHrLvName><refSysInfo><RefSystem><refSysID><identCode code="0" Sync="TRUE"></identCode></refSysID></RefSystem></refSysInfo><spatRepInfo><VectSpatRep><geometObjs Name="b"><geoObjTyp><GeoObjTypCd value="002" Sync="TRUE"></GeoObjTypCd></geoObjTyp><geoObjCnt Sync="TRUE">0</geoObjCnt></geometObjs><topLvl><TopoLevCd value="001" Sync="TRUE"></TopoLevCd></topLvl></VectSpatRep></spatRepInfo><spdoinfo><ptvctinf><esriterm Name="b"><efeatyp Sync="TRUE">Simple</efeatyp><efeageom code="4" Sync="TRUE"></efeageom><esritopo Sync="TRUE">FALSE</esritopo><efeacnt Sync="TRUE">0</efeacnt><spindex Sync="TRUE">FALSE</spindex><linrefer Sync="TRUE">FALSE</linrefer></esriterm></ptvctinf></spdoinfo><eainfo><detailed Name="b"><enttyp><enttypl Sync="TRUE">b</enttypl><enttypt Sync="TRUE">Feature Class</enttypt><enttypc Sync="TRUE">0</enttypc></enttyp><attr><attrlabl Sync="TRUE">FID</attrlabl><attalias Sync="TRUE">FID</attalias><attrtype Sync="TRUE">OID</attrtype><attwidth Sync="TRUE">4</attwidth><atprecis Sync="TRUE">0</atprecis><attscale Sync="TRUE">0</attscale><attrdef Sync="TRUE">Internal feature number.</attrdef><attrdefs Sync="TRUE">Esri</attrdefs><attrdomv><udom Sync="TRUE">Sequential unique whole numbers that are automatically generated.</udom></attrdomv></attr><attr><attrlabl Sync="TRUE">Shape</attrlabl><attalias Sync="TRUE">Shape</attalias><attrtype Sync="TRUE">Geometry</attrtype><attwidth Sync="TRUE">0</attwidth><atprecis Sync="TRUE">0</atprecis><attscale Sync="TRUE">0</attscale><attrdef Sync="TRUE">Feature geometry.</attrdef><attrdefs Sync="TRUE">Esri</attrdefs><attrdomv><udom Sync="TRUE">Coordinates defining the features.</udom></attrdomv></attr><attr><attrlabl Sync="TRUE">a_year</attrlabl><attalias Sync="TRUE">a_year</attalias><attrtype Sync="TRUE">Integer</attrtype><attwidth Sync="TRUE">10</attwidth><atprecis Sync="TRUE">10</atprecis><attscale Sync="TRUE">0</attscale></attr><attr><attrlabl Sync="TRUE">reg_cd</attrlabl><attalias Sync="TRUE">reg_cd</attalias><attrtype Sync="TRUE">String</attrtype><attwidth Sync="TRUE">2</attwidth><atprecis Sync="TRUE">0</atprecis><attscale Sync="TRUE">0</attscale></attr><attr><attrlabl Sync="TRUE">ins_cd</attrlabl><attalias Sync="TRUE">ins_cd</attalias><attrtype Sync="TRUE">String</attrtype><attwidth Sync="TRUE">2</attwidth><atprecis Sync="TRUE">0</atprecis><attscale Sync="TRUE">0</attscale></attr><attr><attrlabl Sync="TRUE">reg_name</attrlabl><attalias Sync="TRUE">reg_name</attalias><attrtype Sync="TRUE">String</attrtype><attwidth Sync="TRUE">30</attwidth><atprecis Sync="TRUE">0</atprecis><attscale Sync="TRUE">0</attscale></attr><attr><attrlabl Sync="TRUE">ins_name</attrlabl><attalias Sync="TRUE">ins_name</attalias><attrtype Sync="TRUE">String</attrtype><attwidth Sync="TRUE">30</attwidth><atprecis Sync="TRUE">0</atprecis><attscale Sync="TRUE">0</attscale></attr><attr><attrlabl Sync="TRUE">inspectora</attrlabl><attalias Sync="TRUE">inspectora</attalias><attrtype Sync="TRUE">Integer</attrtype><attwidth Sync="TRUE">10</attwidth><atprecis Sync="TRUE">10</atprecis><attscale Sync="TRUE">0</attscale></attr><attr><attrlabl Sync="TRUE">arodes_int</attrlabl><attalias Sync="TRUE">arodes_int</attalias><attrtype Sync="TRUE">Integer</attrtype><attwidth Sync="TRUE">10</attwidth><atprecis Sync="TRUE">10</atprecis><attscale Sync="TRUE">0</attscale></attr><attr><attrlabl Sync="TRUE">cp_inspect</attrlabl><attalias Sync="TRUE">cp_inspect</attalias><attrtype Sync="TRUE">String</attrtype><attwidth Sync="TRUE">20</attwidth><atprecis Sync="TRUE">0</atprecis><attscale Sync="TRUE">0</attscale></attr><attr><attrlabl Sync="TRUE">st_area_in</attrlabl><attalias Sync="TRUE">st_area_in</attalias><attrtype Sync="TRUE">Double</attrtype><attwidth Sync="TRUE">19</attwidth><atprecis Sync="TRUE">0</atprecis><attscale Sync="TRUE">0</attscale></attr><attr><attrlabl Sync="TRUE">st_length_</attrlabl><attalias Sync="TRUE">st_length_</attalias><attrtype Sync="TRUE">Double</attrtype><attwidth Sync="TRUE">19</attwidth><atprecis Sync="TRUE">0</atprecis><attscale Sync="TRUE">0</attscale></attr><attr><attrlabl Sync="TRUE">gen_level_</attrlabl><attalias Sync="TRUE">gen_level_</attalias><attrtype Sync="TRUE">Integer</attrtype><attwidth Sync="TRUE">10</attwidth><atprecis Sync="TRUE">10</atprecis><attscale Sync="TRUE">0</attscale></attr><attr><attrlabl Sync="TRUE">inspecto_1</attrlabl><attalias Sync="TRUE">inspecto_1</attalias><attrtype Sync="TRUE">String</attrtype><attwidth Sync="TRUE">30</attwidth><atprecis Sync="TRUE">0</atprecis><attscale Sync="TRUE">0</attscale></attr><attr><attrlabl Sync="TRUE">adress_for</attrlabl><attalias Sync="TRUE">adress_for</attalias><attrtype Sync="TRUE">String</attrtype><attwidth Sync="TRUE">25</attwidth><atprecis Sync="TRUE">0</atprecis><attscale Sync="TRUE">0</attscale></attr><attr><attrlabl Sync="TRUE">region_cd</attrlabl><attalias Sync="TRUE">region_cd</attalias><attrtype Sync="TRUE">String</attrtype><attwidth Sync="TRUE">2</attwidth><atprecis Sync="TRUE">0</atprecis><attscale Sync="TRUE">0</attscale></attr><attr><attrlabl Sync="TRUE">inspecto_2</attrlabl><attalias Sync="TRUE">inspecto_2</attalias><attrtype Sync="TRUE">String</attrtype><attwidth Sync="TRUE">2</attwidth><atprecis Sync="TRUE">0</atprecis><attscale Sync="TRUE">0</attscale></attr></detailed></eainfo><mdDateSt Sync="TRUE">20240604</mdDateSt></metadata>
